{
  "rezervacija": [
    {
      "ime": "stanojevic.sasa03041@gmail.com",
      "prezime": "Stanoejvic",
      "email": "stanojevic.sasa03041@gmail.com",
      "telefon": "0659163517",
      "id": 1
    },
    {
      "ime": "Milenko",
      "prezime": "Tepic",
      "email": "milenko@gmail.com",
      "telefon": "+381 65 916 35 17",
      "id": 2
    }
  ],
  "korisnik": [
    {
      "rola": "admin",
      "username": "sasa",
      "password": "sasa",
      "email": "stanojevic.sasa03041@gmail.com",
      "id": 1
    },
    {
      "rola": "user",
      "username": "Sasa",
      "password": "sasa",
      "email": "stanojevic.sasa03041@gmail.com",
      "id": 2
    },
    {
      "rola": "user",
      "username": "s",
      "password": "s",
      "email": "s",
      "id": 3
    }
  ]
}